254,19,0,1,0,212,146,1,75,22,43,71,192,68,43,244,10,63,0,0,128,63,60,9,1,137,54,254,10,1,1,0,218,146,1,75,22,90,12,62,16,1,100,208,245,254,44,2,2,0,33,209,255,74,22,18,63,151,17,179,34,210,20,0,0,200,66,0,0,200,66,0,0,200,66,239,250,16,64,190,27,94,62,177,212,218,62,5,157,184,61,68,11,125,66,90,185,254,12,3,1,200,234,0,0,0,0,0,0,0,0,0,0,0,0,182,114
254,19,10,1,0,212,106,103,215,22,13,74,192,68,81,156,61,63,0,0,64,64,63,9,1,209,219,254,10,11,1,0,218,106,103,215,22,99,12,48,16,1,100,54,220,254,44,12,2,0,33,10,101,215,22,133,56,151,17,113,16,210,20,0,0,200,66,0,0,200,66,0,0,200,66,85,145,69,64,0,172,90,62,232,116,251,62,139,245,220,61,6,65,135,66,86,37,254,12,13,1,200,234,0,0,0,0,0,0,0,0,0,0,0,0,236,146
254,19,0,1,0,212,18,0,252,22,63,73,192,68,236,147,46,63,0,0,128,63,63,9,1,180,160,254,10,1,1,0,218,19,0,252,22,73,12,30,16,1,99,219,11,254,44,2,2,0,33,9,0,252,22,138,61,151,17,83,25,210,20,0,0,200,66,0,0,200,66,0,0,200,66,104,254,40,64,37,90,34,62,24,246,217,62,77,171,208,61,200,246,141,66,172,137,254,12,3,1,200,234,0,0,0,0,0,0,0,0,0,0,0,0,182,114
254,19,5,1,0,212,63,106,20,23,125,71,192,68,29,224,193,62,0,0,0,64,61,9,1,28,120,254,10,6,1,0,218,63,106,20,23,101,12,45,16,1,100,52,74,254,44,7,2,0,33,4,106,20,23,99,67,151,17,7,37,210,20,0,0,200,66,0,0,200,66,0,0,200,66,110,127,143,64,170,204,155,61,207,149,206,62,24,157,124,62,33,48,150,66,61,130,254,12,8,1,200,234,0,0,0,0,0,0,0,0,0,0,0,0,223,194
254,19,16,1,0,212,134,163,32,23,33,76,192,68,160,6,217,63,0,0,128,64,61,9,1,18,10,254,10,17,1,0,218,134,163,32,23,104,12,43,16,1,100,228,100,254,44,18,2,0,33,35,163,32,23,99,73,151,17,226,52,210,20,0,0,200,66,0,0,200,66,0,0,200,66,92,99,44,64,97,170,225,62,14,29,225,62,225,144,77,60,72,97,54,66,158,32,254,12,19,1,200,234,7,239,26,23,205,204,108,66,99,63,103,64,207,96
254,19,21,1,0,212,143,170,38,23,29,78,192,68,188,255,27,64,0,0,160,64,59,9,1,238,42,254,10,22,1,0,218,143,170,38,23,106,12,41,16,1,100,58,189,254,44,23,2,0,33,14,170,38,23,192,79,151,17,234,59,210,20,0,0,200,66,0,0,200,66,0,0,200,66,1,59,62,64,8,121,226,62,87,126,2,63,101,160,181,60,17,216,82,66,78,206,254,12,24,1,200,234,7,239,26,23,205,204,108,66,99,63,103,64,166,208
254,19,36,1,0,212,223,254,56,23,162,49,192,68,91,132,150,64,0,0,0,65,21,9,1,236,188,254,10,37,1,0,218,223,254,56,23,106,12,30,16,1,100,192,197,254,44,38,2,0,33,14,254,56,23,168,97,151,17,204,79,210,20,184,30,25,66,184,30,25,66,184,30,25,66,238,81,144,64,155,213,217,62,250,121,166,62,165,206,168,188,35,219,20,66,231,232,254,12,39,1,200,234,7,239,26,23,205,204,108,66,99,63,103,64,208,57
254,19,47,1,0,212,232,55,69,23,174,39,192,68,139,151,191,64,0,0,32,65,251,8,1,25,16,254,10,48,1,0,218,232,55,69,23,100,12,26,16,1,100,48,202,254,44,49,2,0,33,229,54,69,23,145,110,151,17,189,84,210,20,0,0,200,66,0,0,200,66,0,0,200,66,155,126,190,64,205,2,241,62,146,247,67,60,104,172,223,59,176,226,179,67,74,35,254,12,50,1,200,234,248,134,63,23,0,0,231,66,160,17,163,64,84,80
254,19,53,1,0,212,163,82,75,23,199,35,192,68,91,220,208,64,0,0,48,65,244,8,1,107,238,254,10,54,1,0,218,163,82,75,23,96,12,28,16,1,100,143,19,254,44,55,2,0,33,130,81,75,23,97,116,151,17,110,83,210,20,0,0,200,66,0,0,200,66,0,0,200,66,21,52,177,64,75,178,120,62,179,154,229,189,203,253,109,190,77,2,168,67,35,165,254,12,56,1,200,234,248,134,63,23,0,0,231,66,160,17,163,64,50,240
254,19,72,1,0,212,217,165,93,23,246,20,192,68,210,189,153,64,0,0,96,65,226,8,1,82,14,254,10,73,1,0,218,217,165,93,23,84,12,36,16,1,100,46,170,254,44,74,2,0,33,114,164,93,23,34,118,151,17,62,81,210,20,51,179,33,66,51,179,33,66,51,179,33,66,206,142,107,64,181,237,99,61,9,8,156,59,86,21,243,188,100,155,164,67,246,18,254,12,75,1,200,234,248,134,63,23,0,0,231,66,160,17,163,64,132,250
254,19,84,1,0,212,173,222,105,23,8,24,192,68,117,239,99,64,0,0,128,65,238,8,1,138,247,254,10,85,1,0,218,173,222,105,23,79,12,38,16,1,100,201,161,254,44,86,2,0,33,20,221,105,23,162,119,151,17,154,81,210,20,113,125,76,66,113,125,76,66,113,125,76,66,4,61,80,64,204,165,191,61,88,163,192,59,246,186,85,188,131,224,149,67,129,50,254,12,87,1,200,234,75,41,100,23,205,204,120,66,27,28,107,64,209,40
254,19,89,1,0,212,72,249,111,23,169,26,192,68,75,89,58,64,0,0,136,65,244,8,1,133,117,254,10,90,1,0,218,72,249,111,23,77,12,39,16,1,100,140,70,254,44,91,2,0,33,145,247,111,23,199,120,151,17,221,81,210,20,0,0,200,66,0,0,200,66,0,0,200,66,159,205,31,64,165,63,237,61,101,155,234,60,160,221,147,188,207,167,151,67,14,82,254,12,92,1,200,234,75,41,100,23,205,204,120,66,27,28,107,64,184,152
254,19,0,1,0,212,94,101,235,27,203,77,192,68,196,2,24,63,0,0,128,63,65,9,1,0,214,254,10,1,1,0,218,94,101,235,27,147,12,116,16,1,100,248,1,254,44,2,2,0,33,242,100,235,27,203,34,152,17,96,185,210,20,0,0,200,66,0,0,200,66,0,0,200,66,156,207,187,64,188,211,17,191,61,102,239,62,182,95,135,62,145,205,7,67,201,50,254,12,3,1,200,234,0,0,0,0,0,0,0,0,0,0,0,0,182,114
254,19,5,1,0,212,145,128,241,27,143,82,192,68,55,117,227,63,0,0,0,64,65,9,1,217,170,254,10,6,1,0,218,145,128,241,27,149,12,114,16,1,101,199,16,254,44,7,2,0,33,7,128,241,27,235,24,152,17,32,186,210,20,0,0,200,66,0,0,200,66,0,0,200,66,164,172,140,65,7,108,42,191,171,229,182,190,188,252,145,62,14,173,84,67,78,18,254,12,8,1,200,234,0,0,0,0,0,0,0,0,0,0,0,0,223,194
254,19,16,1,0,212,116,185,253,27,74,72,192,68,86,236,130,64,0,0,128,64,45,9,1,33,165,254,10,17,1,0,218,116,185,253,27,154,12,101,16,1,101,26,18,254,44,18,2,0,33,184,184,253,27,214,27,152,17,210,167,210,20,0,0,200,66,0,0,200,66,0,0,200,66,107,17,35,66,8,249,176,62,65,171,113,190,64,158,143,189,45,226,157,67,142,128,254,12,19,1,200,234,30,7,248,27,205,204,187,66,190,34,250,65,92,146
254,19,31,1,0,212,74,13,16,28,207,63,192,68,170,47,16,64,0,0,224,64,37,9,1,40,115,254,10,32,1,0,218,74,13,16,28,147,12,87,16,1,100,123,221,254,44,33,2,0,33,61,12,16,28,35,32,152,17,23,168,210,20,72,97,54,66,72,97,54,66,72,97,54,66,235,7,182,65,150,203,52,61,231,233,94,61,224,249,54,190,146,13,122,67,152,233,254,12,34,1,200,234,30,7,248,27,205,204,187,66,190,34,250,65,112,155
254,19,36,1,0,212,42,39,22,28,5,73,192,68,127,247,194,63,0,0,0,65,53,9,1,51,76,254,10,37,1,0,218,42,39,22,28,144,12,87,16,1,100,196,3,254,44,38,2,0,33,0,38,22,28,183,32,152,17,138,168,210,20,0,0,200,66,0,0,200,66,0,0,200,66,132,121,120,65,48,23,182,60,59,29,199,59,74,125,40,190,16,216,108,67,138,56,254,12,39,1,200,234,30,7,248,27,205,204,187,66,190,34,250,65,67,203
254,19,5,1,0,212,136,73,89,28,172,76,192,68,211,22,29,63,0,0,0,64,66,9,1,208,88,254,10,6,1,0,218,137,73,89,28,128,12,87,16,1,100,246,161,254,44,7,2,0,33,222,69,89,28,111,19,152,17,164,168,210,20,0,0,200,66,0,0,200,66,0,0,200,66,109,168,211,64,194,164,39,191,51,91,113,62,225,122,124,62,201,182,34,67,225,38,254,12,8,1,200,234,0,0,0,0,0,0,0,0,0,0,0,0,223,194
254,19,10,1,0,212,33,100,95,28,238,80,192,68,17,12,199,63,0,0,64,64,66,9,1,218,169,254,10,11,1,0,218,34,100,95,28,131,12,86,16,1,100,141,252,254,44,12,2,0,33,99,96,95,28,198,10,152,17,2,167,210,20,0,0,200,66,0,0,200,66,0,0,200,66,33,60,126,65,153,226,1,191,147,76,186,190,97,162,112,62,70,22,91,67,186,218,254,12,13,1,200,234,0,0,0,0,0,0,0,0,0,0,0,0,236,146
254,19,21,1,0,212,116,157,107,28,246,76,192,68,238,127,14,64,0,0,160,64,55,9,1,171,206,254,10,22,1,0,218,117,157,107,28,138,12,72,16,1,100,195,24,254,44,23,2,0,33,98,157,107,28,129,3,152,17,134,157,210,20,82,120,60,66,82,120,60,66,82,120,60,66,128,51,181,65,77,103,41,189,38,60,210,60,223,207,240,189,187,9,36,67,225,209,254,12,24,1,200,234,218,231,101,28,205,204,108,66,0,0,0,0,132,201
254,19,37,1,0,212,43,222,125,28,156,72,192,68,138,58,133,62,0,0,0,65,63,9,1,99,4,254,10,38,1,0,218,44,222,125,28,138,12,62,16,1,100,119,242,254,44,39,2,0,33,211,221,125,28,189,3,152,17,247,157,210,20,0,0,200,66,0,0,200,66,0,0,200,66,2,199,78,64,127,91,9,61,122,182,72,188,204,249,130,189,174,199,220,66,191,99,254,12,40,1,200,234,200,62,120,28,51,51,142,66,110,183,16,65,156,30
254,19,72,1,0,212,97,171,150,29,201,78,192,68,109,226,166,63,0,0,112,65,65,9,1,137,2,254,10,73,1,0,218,98,171,150,29,115,12,38,16,1,100,161,119,254,44,74,2,0,33,187,168,150,29,71,239,151,17,2,194,210,20,0,0,200,66,0,0,200,66,0,0,200,66,181,237,78,65,211,215,9,63,204,53,200,62,171,232,67,62,244,253,14,66,132,222,254,12,75,1,200,234,200,62,120,28,51,51,142,66,110,183,16,65,203,28
254,19,83,1,0,212,54,228,162,29,158,87,192,68,96,21,73,64,0,0,136,65,66,9,1,218,146,254,10,84,1,0,218,55,228,162,29,118,12,35,16,1,100,56,78,254,44,85,2,0,33,95,225,162,29,85,1,152,17,132,207,210,20,0,0,200,66,0,0,200,66,0,0,200,66,94,103,252,65,34,70,45,63,126,118,241,62,222,179,104,62,191,31,13,66,79,150,254,12,86,1,200,234,0,54,157,29,154,153,25,67,169,189,181,65,241,231
254,19,88,1,0,212,174,254,168,29,28,86,192,68,160,157,129,64,0,0,144,65,58,9,1,11,40,254,10,89,1,0,218,175,254,168,29,120,12,32,16,1,100,197,188,254,44,90,2,0,33,185,251,168,29,130,10,152,17,125,215,210,20,171,170,58,66,171,170,58,66,171,170,58,66,91,206,34,66,234,208,243,62,93,9,190,62,148,215,123,60,76,183,28,66,142,237,254,12,91,1,200,234,0,54,157,29,154,153,25,67,169,189,181,65,186,55
254,19,104,1,0,212,150,82,187,29,82,64,192,68,212,111,17,64,0,0,168,65,39,9,1,226,197,254,10,105,1,0,218,150,82,187,29,116,12,27,16,1,100,206,245,254,44,106,2,0,33,79,79,187,29,181,18,152,17,41,221,210,20,0,0,200,66,0,0,200,66,0,0,200,66,26,108,185,65,241,138,238,61,218,246,22,61,115,32,40,190,170,49,169,67,137,149,254,12,107,1,200,234,103,141,175,29,102,102,103,67,23,23,16,66,179,151
254,19,115,1,0,212,242,119,199,29,107,72,192,68,201,66,69,63,0,0,184,65,57,9,1,1,102,254,10,116,1,0,218,243,119,199,29,113,12,31,16,1,100,220,1,254,44,117,2,0,33,122,116,199,29,193,21,152,17,182,221,210,20,0,0,200,66,0,0,200,66,0,0,200,66,55,29,0,65,58,215,182,61,236,56,32,188,103,139,72,190,74,236,176,67,236,39,254,12,118,1,200,234,239,224,193,29,154,153,117,67,150,126,115,65,36,15
254,19,140,1,0,212,28,132,4,30,23,85,192,68,201,248,71,64,0,0,224,65,64,9,1,30,140,254,10,141,1,0,218,29,132,4,30,122,12,27,16,1,100,197,123,254,44,142,2,0,33,72,130,4,30,4,60,152,17,196,3,211,20,0,0,200,66,0,0,200,66,0,0,200,66,200,36,252,65,103,159,23,63,216,12,28,63,70,173,116,62,51,51,67,66,102,89,254,12,143,1,200,234,239,224,193,29,154,153,117,67,150,126,115,65,252,226
254,19,150,1,0,212,45,189,16,30,197,76,192,68,31,131,163,64,0,0,240,65,40,9,1,35,39,254,10,151,1,0,218,46,189,16,30,123,12,18,16,1,100,82,64,254,44,152,2,0,33,39,187,16,30,118,75,152,17,160,22,211,20,0,0,200,66,0,0,200,66,0,0,200,66,51,10,78,66,113,150,0,63,73,192,17,63,197,244,130,62,145,109,66,66,15,244,254,12,153,1,200,234,239,224,193,29,154,153,117,67,150,126,115,65,63,138
254,19,155,1,0,212,140,215,22,30,170,65,192,68,228,247,192,64,0,0,248,65,23,9,1,233,118,254,10,156,1,0,218,141,215,22,30,122,12,14,16,1,100,111,115,254,44,157,2,0,33,114,213,22,30,26,82,152,17,31,31,211,20,0,0,200,66,0,0,200,66,0,0,200,66,175,235,114,66,9,48,171,62,107,116,174,62,210,17,3,188,187,73,60,66,244,26,254,12,158,1,200,234,239,224,193,29,154,153,117,67,150,126,115,65,18,250
254,19,170,1,0,212,225,42,41,30,172,32,192,68,220,202,140,64,0,0,8,66,243,8,1,183,57,254,10,171,1,0,218,226,42,41,30,109,12,23,16,1,100,222,46,254,44,172,2,0,33,119,40,41,30,49,86,152,17,175,35,211,20,0,0,200,66,0,0,200,66,0,0,200,66,181,0,50,66,111,62,161,61,252,236,106,61,56,135,12,190,133,107,34,66,215,94,254,12,173,1,200,234,239,224,193,29,154,153,117,67,150,126,115,65,32,211
254,19,180,1,0,212,250,99,53,30,199,47,192,68,201,131,69,64,0,0,16,66,12,9,1,69,236,254,10,181,1,0,218,251,99,53,30,104,12,24,16,1,100,74,204,254,44,182,2,0,33,94,97,53,30,235,88,152,17,197,38,211,20,0,0,200,66,0,0,200,66,0,0,200,66,132,148,248,65,111,249,182,61,166,79,249,61,207,251,44,190,80,141,150,65,119,193,254,12,183,1,200,234,239,224,193,29,154,153,117,67,150,126,115,65,167,123
254,19,185,1,0,212,134,126,59,30,246,60,192,68,66,171,24,64,0,0,20,66,34,9,1,45,174,254,10,186,1,0,218,135,126,59,30,101,12,25,16,1,100,212,8,254,44,187,2,0,33,204,123,59,30,219,89,152,17,96,40,211,20,0,0,200,66,0,0,200,66,0,0,200,66,156,14,191,65,62,73,97,61,236,97,76,61,88,114,63,190,45,162,176,67,65,185,254,12,188,1,200,234,239,224,193,29,154,153,117,67,150,126,115,65,206,203
254,19,201,1,0,212,177,190,77,30,8,68,192,68,203,155,57,62,0,0,32,66,57,9,1,145,209,254,10,202,1,0,218,178,190,77,30,98,12,32,16,1,100,161,31,254,44,203,2,0,33,177,187,77,30,220,90,152,17,113,40,211,20,0,0,200,66,0,0,200,66,0,0,200,66,82,191,217,63,193,81,95,189,143,90,49,189,59,180,85,190,2,91,167,67,220,11,254,12,204,1,200,234,120,23,66,30,51,51,231,67,216,183,129,65,18,45
254,19,236,1,0,212,249,120,236,30,192,86,192,68,16,151,63,64,0,0,60,66,64,9,1,142,207,254,10,237,1,0,218,250,120,236,30,116,12,18,16,1,100,1,153,254,44,238,2,0,33,201,120,236,30,87,80,152,17,39,30,211,20,0,0,200,66,0,0,200,66,0,0,200,66,89,58,238,65,32,216,3,63,139,146,34,63,237,96,100,62,45,50,64,66,148,41,254,12,239,1,200,234,120,23,66,30,51,51,231,67,216,183,129,65,193,12
254,19,241,1,0,212,118,147,242,30,246,84,192,68,133,50,126,64,0,0,64,66,60,9,1,52,26,254,10,242,1,0,218,119,147,242,30,117,12,16,16,1,100,65,80,254,44,243,2,0,33,50,147,242,30,170,87,152,17,122,40,211,20,0,0,200,66,0,0,200,66,0,0,200,66,108,118,31,66,96,247,3,63,79,47,35,63,119,10,119,62,215,35,59,66,13,139,254,12,244,1,200,234,120,23,66,30,51,51,231,67,216,183,129,65,73,180
254,19,10,1,0,212,134,13,17,31,56,37,192,68,230,160,246,64,0,0,84,66,228,8,1,249,76,254,10,11,1,0,218,135,13,17,31,107,12,7,16,1,100,44,10,254,44,12,2,0,33,192,12,17,31,128,119,152,17,60,78,211,20,147,95,96,66,147,95,96,66,147,95,96,66,94,4,155,66,165,103,185,61,246,185,0,61,92,204,241,189,189,116,54,66,41,193,254,12,13,1,200,234,120,23,66,30,51,51,231,67,216,183,129,65,145,89
254,19,15,1,0,212,238,39,23,31,199,31,192,68,192,201,228,64,0,0,88,66,225,8,1,78,40,254,10,16,1,0,218,239,39,23,31,102,12,10,16,1,100,23,217,254,44,17,2,0,33,10,39,23,31,227,119,152,17,150,78,211,20,0,0,200,66,0,0,200,66,0,0,200,66,108,80,144,66,183,216,88,60,233,47,118,59,166,160,9,190,80,141,194,65,220,171,254,12,18,1,200,234,120,23,66,30,51,51,231,67,216,183,129,65,37,161
254,19,41,1,0,212,1,180,53,31,227,37,192,68,179,211,127,64,0,0,108,66,249,8,1,97,233,254,10,42,1,0,218,2,180,53,31,83,12,22,16,1,100,97,112,254,44,43,2,0,33,165,178,53,31,58,123,152,17,92,82,211,20,0,0,200,66,0,0,200,66,0,0,200,66,156,240,32,66,248,159,20,62,198,110,174,61,240,235,42,190,53,78,172,67,93,69,254,12,44,1,200,234,148,39,48,31,205,12,77,68,76,167,56,66,10,197
254,19,46,1,0,212,252,206,59,31,189,48,192,68,140,117,84,64,0,0,112,66,10,9,1,110,97,254,10,47,1,0,218,253,206,59,31,82,12,24,16,1,100,44,251,254,44,48,2,0,33,130,205,59,31,178,125,152,17,17,84,211,20,0,0,200,66,0,0,200,66,0,0,200,66,231,96,5,66,42,161,68,62,187,90,231,61,27,151,55,190,12,210,169,67,226,88,254,12,49,1,200,234,148,39,48,31,205,12,77,68,76,167,56,66,160,29
254,19,250,1,0,212,215,235,163,32,98,76,192,68,242,227,95,63,0,0,200,66,64,9,1,155,48,254,10,251,1,0,218,216,235,163,32,102,12,13,16,1,100,109,63,254,44,252,2,0,33,250,233,163,32,9,171,152,17,164,49,211,20,0,0,200,66,0,0,200,66,0,0,200,66,16,154,18,65,30,82,238,61,169,220,32,191,123,120,123,62,203,241,135,67,53,107,254,12,253,1,200,234,180,109,48,32,102,102,198,67,86,223,75,66,178,43
254,19,255,1,0,212,115,6,170,32,230,80,192,68,2,204,228,63,0,0,202,66,65,9,1,47,37,254,10,0,1,0,218,115,6,170,32,107,12,9,16,1,100,209,84,254,44,1,2,0,33,108,4,170,32,240,165,152,17,151,42,211,20,0,0,200,66,0,0,200,66,0,0,200,66,115,81,144,65,14,103,13,191,226,15,60,190,106,174,112,62,140,140,71,67,233,163,254,12,2,1,200,234,180,109,48,32,102,102,198,67,86,223,75,66,72,166
254,19,26,1,0,212,71,127,200,32,228,57,192,68,102,199,206,64,0,0,212,66,16,9,1,244,124,254,10,27,1,0,218,72,127,200,32,109,12,0,16,1,100,116,71,254,44,28,2,0,33,201,124,200,32,100,123,152,17,7,28,211,20,143,66,230,65,143,66,230,65,143,66,230,65,198,191,129,66,40,20,82,191,36,208,141,190,45,248,242,189,0,128,71,67,93,11,254,12,29,1,200,234,190,224,194,32,0,0,192,66,165,153,112,66,110,108
254,19,31,1,0,212,208,153,206,32,8,48,192,68,15,50,204,64,0,0,214,66,255,8,1,170,55,254,10,32,1,0,218,209,153,206,32,106,12,0,16,1,100,205,255,254,44,33,2,0,33,52,151,206,32,52,112,152,17,88,21,211,20,205,76,233,65,205,76,233,65,205,76,233,65,247,213,128,66,36,46,84,191,6,248,4,191,96,178,33,189,135,246,84,67,248,233,254,12,34,1,200,234,190,224,194,32,0,0,192,66,165,153,112,66,24,133
254,19,58,1,0,212,202,38,237,32,228,33,192,68,236,198,132,64,0,0,224,66,245,8,1,71,141,254,10,59,1,0,218,203,38,237,32,87,12,14,16,1,100,166,123,254,44,60,2,0,33,172,35,237,32,88,61,152,17,120,237,210,20,0,0,200,66,0,0,200,66,0,0,200,66,173,161,37,66,27,248,40,191,143,182,24,191,212,214,39,190,119,126,94,67,187,116,254,12,61,1,200,234,155,118,231,32,51,51,244,66,84,58,59,66,130,178
254,19,63,1,0,212,111,65,243,32,200,38,192,68,176,253,99,64,0,0,226,66,253,8,1,116,53,254,10,64,1,0,218,112,65,243,32,83,12,17,16,1,100,88,105,254,44,65,2,0,33,61,62,243,32,121,52,152,17,244,228,210,20,0,0,200,66,0,0,200,66,0,0,200,66,101,181,13,66,240,127,33,191,174,181,1,191,98,191,42,190,90,36,92,67,186,235,254,12,66,1,200,234,155,118,231,32,51,51,244,66,84,58,59,66,112,120
254,19,5,1,0,212,202,40,86,19,189,100,192,68,119,165,15,63,0,0,0,64,97,9,1,136,130,254,10,6,1,0,218,202,40,86,19,163,12,34,16,1,100,121,156,254,44,7,2,0,33,175,38,86,19,72,132,149,17,8,114,208,20,208,105,128,66,208,105,128,66,208,105,128,66,15,228,170,64,123,239,12,63,43,186,0,63,200,237,179,60,217,206,27,66,161,45,254,12,8,1,200,234,0,0,0,0,0,0,0,0,0,0,0,0,223,194
254,19,10,1,0,212,74,67,92,19,64,101,192,68,246,172,13,63,0,0,64,64,97,9,1,169,114,254,10,11,1,0,218,74,67,92,19,159,12,43,16,1,100,137,13,254,44,12,2,0,33,27,65,92,19,39,142,149,17,198,119,208,20,249,197,125,66,249,197,125,66,249,197,125,66,144,52,174,64,5,44,57,63,82,199,159,62,98,45,119,188,163,112,187,65,131,238,254,12,13,1,200,234,0,0,0,0,0,0,0,0,0,0,0,0,236,146
254,19,21,1,0,212,115,124,104,19,56,101,192,68,170,93,10,63,0,0,160,64,97,9,1,26,159,254,10,22,1,0,218,115,124,104,19,148,12,50,16,1,100,173,147,254,44,23,2,0,33,19,122,104,19,134,161,149,17,159,130,208,20,0,0,200,66,0,0,200,66,0,0,200,66,240,161,173,64,150,39,46,63,159,145,175,62,176,207,1,188,122,20,227,65,158,92,254,12,24,1,200,234,78,220,98,19,102,230,91,67,69,138,174,64,119,173
254,19,26,1,0,212,4,151,110,19,64,101,192,68,241,201,7,63,0,0,192,64,96,9,1,217,212,254,10,27,1,0,218,4,151,110,19,143,12,68,16,1,100,39,87,254,44,28,2,0,33,144,148,110,19,202,170,149,17,183,136,208,20,0,0,200,66,0,0,200,66,0,0,200,66,109,133,170,64,108,140,41,63,4,45,192,62,60,128,54,187,129,149,252,65,53,200,254,12,29,1,200,234,78,220,98,19,102,230,91,67,69,138,174,64,68,253
254,19,37,1,0,212,181,188,122,19,238,100,192,68,161,77,16,63,0,0,0,65,96,9,1,47,171,254,10,38,1,0,218,181,188,122,19,141,12,75,16,1,100,125,241,254,44,39,2,0,33,25,186,122,19,67,188,149,17,246,150,208,20,44,249,128,66,44,249,128,66,44,249,128,66,213,79,176,64,136,139,24,63,153,79,240,62,116,195,143,188,88,57,25,66,62,133,254,12,40,1,200,234,183,53,117,19,154,89,164,67,69,81,175,64,226,75
254,19,0,1,0,212,199,168,232,19,16,100,192,68,52,4,220,61,0,0,128,63,95,9,1,144,108,254,10,1,1,0,218,199,168,232,19,111,12,100,16,1,100,178,100,254,44,2,2,0,33,8,165,232,19,185,189,149,17,53,147,208,20,0,0,200,66,0,0,200,66,0,0,200,66,26,62,198,63,233,51,151,62,57,251,146,62,20,198,5,62,150,67,72,66,245,214,254,12,3,1,200,234,0,0,0,0,0,0,0,0,0,0,0,0,182,114
254,19,5,1,0,212,36,197,238,19,39,101,192,68,203,125,220,62,0,0,0,64,96,9,1,55,111,254,10,6,1,0,218,36,197,238,19,114,12,98,16,1,100,15,219,254,44,7,2,0,33,71,193,238,19,41,195,149,17,220,152,208,20,0,0,200,66,0,0,200,66,0,0,200,66,194,36,147,64,51,191,212,62,6,173,206,62,43,150,153,61,49,8,55,66,254,164,254,12,8,1,200,234,0,0,0,0,0,0,0,0,0,0,0,0,223,194
254,19,20,1,0,212,105,5,1,20,123,100,192,68,89,228,253,62,0,0,160,64,96,9,1,127,212,254,10,21,1,0,218,105,5,1,20,116,12,94,16,1,100,244,12,254,44,22,2,0,33,40,5,1,20,122,222,149,17,17,170,208,20,0,0,200,66,0,0,200,66,0,0,200,66,165,85,160,64,89,49,49,63,246,248,145,62,87,92,160,59,47,221,182,65,99,43,254,12,23,1,200,234,0,0,0,0,0,0,0,0,0,0,0,0,107,58
254,19,30,1,0,212,124,62,13,20,207,99,192,68,140,59,248,62,0,0,224,64,95,9,1,92,32,254,10,31,1,0,218,124,62,13,20,118,12,90,16,1,100,112,142,254,44,32,2,0,33,6,62,13,20,126,241,149,17,31,180,208,20,0,0,200,66,0,0,200,66,0,0,200,66,147,83,159,64,183,51,35,63,118,177,179,62,71,72,164,60,119,190,228,65,204,116,254,12,33,1,200,234,0,0,0,0,0,0,0,0,0,0,0,0,106,67
254,19,35,1,0,212,16,89,19,20,141,99,192,68,109,119,251,62,0,0,0,65,95,9,1,220,110,254,10,36,1,0,218,16,89,19,20,120,12,95,16,1,100,62,152,254,44,37,2,0,33,123,88,19,20,103,249,149,17,46,187,208,20,102,102,132,66,102,102,132,66,102,102,132,66,250,15,158,64,202,43,239,62,131,187,4,63,137,33,221,58,215,35,74,66,172,162,254,12,38,1,200,234,0,0,0,0,0,0,0,0,0,0,0,0,71,51
254,19,45,1,0,212,63,146,31,20,100,99,192,68,19,176,7,63,0,0,32,65,93,9,1,37,152,254,10,46,1,0,218,63,146,31,20,119,12,95,16,1,100,200,16,254,44,47,2,0,33,130,145,31,20,107,248,149,17,140,205,208,20,0,0,200,66,0,0,200,66,0,0,200,66,29,64,171,64,255,251,12,191,61,226,154,62,226,169,121,60,188,244,29,67,146,120,254,12,48,1,200,234,0,0,0,0,0,0,0,0,0,0,0,0,132,91
254,19,50,1,0,212,214,172,37,20,225,98,192,68,32,148,11,63,0,0,48,65,93,9,1,253,199,254,10,51,1,0,218,214,172,37,20,119,12,90,16,1,100,183,226,254,44,52,2,0,33,241,171,37,20,235,239,149,17,115,207,208,20,27,104,133,66,27,104,133,66,27,104,133,66,51,224,176,64,65,186,27,191,222,26,246,61,178,174,219,186,68,43,44,67,2,172,254,12,53,1,200,234,0,0,0,0,0,0,0,0,0,0,0,0,183,11
254,19,60,1,0,212,197,229,49,20,215,99,192,68,181,157,5,63,0,0,80,65,94,9,1,7,153,254,10,61,1,0,218,197,229,49,20,122,12,90,16,1,100,149,126,254,44,62,2,0,33,184,228,49,20,142,223,149,17,80,213,208,20,0,0,200,66,0,0,200,66,0,0,200,66,235,23,161,64,111,135,17,191,193,232,146,62,235,17,180,187,139,76,27,67,1,18,254,12,63,1,200,234,0,0,0,0,0,0,0,0,0,0,0,0,209,171
254,19,65,1,0,212,131,0,56,20,57,100,192,68,225,21,5,63,0,0,96,65,94,9,1,74,238,254,10,66,1,0,218,131,0,56,20,123,12,93,16,1,100,96,205,254,44,67,2,0,33,88,255,55,20,18,216,149,17,26,218,208,20,0,0,200,66,0,0,200,66,0,0,200,66,238,33,167,64,118,231,3,191,106,203,159,62,99,175,251,59,241,146,22,67,26,73,254,12,68,1,200,234,0,0,0,0,0,0,0,0,0,0,0,0,31,33
254,19,76,1,0,212,123,127,68,21,84,103,192,68,37,57,88,62,0,0,128,65,100,9,1,152,16,254,10,77,1,0,218,123,127,68,21,125,12,91,16,1,100,229,210,254,44,78,2,0,33,40,126,68,21,75,178,149,17,249,164,208,20,0,0,200,66,0,0,200,66,0,0,200,66,181,177,251,63,94,195,237,62,254,50,226,61,98,150,105,61,112,61,153,65,126,250,254,12,79,1,200,234,6,157,62,20,51,115,141,67,172,110,144,64,35,26
254,19,91,1,0,212,60,211,86,21,62,106,192,68,113,40,175,63,0,0,152,65,101,9,1,25,54,254,10,92,1,0,218,60,211,86,21,136,12,80,16,1,100,78,198,254,44,93,2,0,33,163,209,86,21,56,198,149,17,254,165,208,20,0,0,200,66,0,0,200,66,0,0,200,66,17,100,87,65,60,206,237,62,65,88,62,62,42,121,222,61,80,141,181,65,175,192,254,12,94,1,200,234,6,157,62,20,51,115,141,67,172,110,144,64,205,2
254,19,96,1,0,212,211,237,92,21,236,105,192,68,171,233,239,63,0,0,160,65,101,9,1,63,46,254,10,97,1,0,218,211,237,92,21,138,12,75,16,1,100,113,102,254,44,98,2,0,33,28,236,92,21,19,204,149,17,8,169,208,20,143,130,113,66,143,130,113,66,143,130,113,66,50,113,148,65,79,155,196,62,161,8,84,62,248,80,177,61,82,184,235,65,230,133,254,12,99,1,200,234,6,157,62,20,51,115,141,67,172,110,144,64,165,203
254,19,123,1,0,212,170,122,123,21,47,53,192,68,151,128,25,64,0,0,200,65,13,9,1,36,107,254,10,124,1,0,218,170,122,123,21,132,12,66,16,1,100,74,63,254,44,125,2,0,33,116,120,123,21,50,223,149,17,193,181,208,20,61,74,66,66,61,74,66,66,61,74,66,66,124,151,195,65,104,80,121,188,236,212,240,188,164,8,23,190,57,148,169,67,30,15,254,12,126,1,200,234,78,219,117,21,0,0,93,67,255,218,241,65,230,187
254,19,128,1,0,212,31,149,129,21,60,75,192,68,230,250,212,63,0,0,208,65,53,9,1,8,215,254,10,129,1,0,218,31,149,129,21,128,12,74,16,1,100,218,70,254,44,130,2,0,33,199,146,129,21,145,222,149,17,41,181,208,20,0,0,200,66,0,0,200,66,0,0,200,66,193,174,137,65,254,148,56,189,99,214,119,189,165,223,44,190,239,71,164,67,45,211,254,12,131,1,200,234,78,219,117,21,0,0,93,67,255,218,241,65,2,22
254,19,149,1,0,212,22,234,13,22,90,104,192,68,75,154,99,63,0,0,240,65,101,9,1,157,226,254,10,150,1,0,218,22,234,13,22,138,12,77,16,1,100,33,168,254,44,151,2,0,33,255,232,13,22,133,202,149,17,161,149,208,20,99,201,120,66,99,201,120,66,99,201,120,66,42,191,15,65,179,58,169,62,6,163,141,62,236,214,163,61,215,35,31,66,144,140,254,12,152,1,200,234,218,48,136,21,0,0,129,67,111,160,2,65,7,158
254,19,164,1,0,212,186,61,32,22,125,99,192,68,168,50,10,64,0,0,4,66,91,9,1,208,199,254,10,165,1,0,218,186,61,32,22,140,12,67,16,1,100,184,43,254,44,166,2,0,33,75,60,32,22,67,216,149,17,25,162,208,20,0,0,200,66,0,0,200,66,0,0,200,66,245,221,173,65,74,197,168,62,230,91,152,62,187,169,229,61,243,253,33,66,237,88,254,12,167,1,200,234,218,48,136,21,0,0,129,67,111,160,2,65,113,119
254,19,179,1,0,212,110,145,50,22,129,81,192,68,26,106,109,64,0,0,16,66,60,9,1,221,0,254,10,180,1,0,218,110,145,50,22,139,12,51,16,1,100,11,208,254,44,181,2,0,33,173,143,50,22,26,230,149,17,182,175,208,20,225,186,23,66,225,186,23,66,225,186,23,66,79,92,22,66,230,218,117,62,227,36,95,62,36,73,245,61,73,140,42,66,113,85,254,12,182,1,200,234,218,48,136,21,0,0,129,67,111,160,2,65,159,111
254,19,184,1,0,212,237,171,56,22,230,64,192,68,180,147,134,64,0,0,20,66,34,9,1,82,130,254,10,185,1,0,218,237,171,56,22,138,12,56,16,1,100,203,254,254,44,186,2,0,33,35,170,56,22,245,233,149,17,69,179,208,20,72,33,1,66,72,33,1,66,72,33,1,66,2,16,42,66,56,119,142,62,130,160,130,62,135,228,8,62,172,156,45,66,41,32,254,12,187,1,200,234,218,48,136,21,0,0,129,67,111,160,2,65,212,191
254,19,195,1,0,212,1,229,68,22,220,49,192,68,25,215,135,64,0,0,28,66,19,9,1,187,233,254,10,196,1,0,218,1,229,68,22,127,12,57,16,1,100,25,246,254,44,197,2,0,33,241,226,68,22,90,246,149,17,212,185,208,20,0,0,200,66,0,0,200,66,0,0,200,66,228,84,44,66,24,16,9,63,207,26,23,62,56,98,100,61,228,165,167,65,185,109,254,12,198,1,200,234,157,80,63,22,102,166,221,67,34,134,47,66,161,62
254,19,226,1,0,212,88,121,105,22,153,69,192,68,51,171,216,63,0,0,52,66,44,9,1,235,233,254,10,227,1,0,218,88,121,105,22,101,12,75,16,1,100,99,18,254,44,228,2,0,33,177,118,105,22,6,0,150,17,202,186,208,20,205,140,83,66,205,140,83,66,205,140,83,66,107,117,139,65,223,99,139,189,18,17,165,189,151,148,43,190,25,244,148,67,109,62,254,12,229,1,200,234,207,167,81,22,154,25,254,67,0,0,0,0,111,20
254,19,236,1,0,212,126,22,142,22,15,101,192,68,125,68,237,62,0,0,60,66,97,9,1,237,7,254,10,237,1,0,218,126,22,142,22,105,12,88,16,1,100,106,152,254,44,238,2,0,33,163,21,142,22,153,239,149,17,102,175,208,20,17,145,132,66,17,145,132,66,17,145,132,66,81,201,156,64,110,216,253,190,77,29,34,190,106,149,245,61,121,41,59,67,6,97,254,12,239,1,200,234,207,167,81,22,154,25,254,67,0,0,0,0,9,180
254,19,252,1,0,212,79,106,160,22,174,95,192,68,205,229,209,63,0,0,72,66,88,9,1,72,153,254,10,253,1,0,218,79,106,160,22,118,12,75,16,1,100,164,35,254,44,254,2,0,33,47,105,160,22,194,232,149,17,8,181,208,20,0,0,200,66,0,0,200,66,0,0,200,66,2,120,135,65,51,167,172,62,36,144,244,61,44,4,14,62,151,110,92,65,212,99,254,12,255,1,200,234,248,219,154,22,51,51,6,68,126,163,76,65,8,251
254,19,11,1,0,212,226,189,178,22,254,76,192,68,130,156,71,64,0,0,84,66,79,9,1,103,34,254,10,12,1,0,218,226,189,178,22,124,12,61,16,1,100,243,161,254,44,13,2,0,33,113,188,178,22,244,246,149,17,39,191,208,20,123,20,50,66,123,20,50,66,123,20,50,66,166,43,254,65,88,220,137,62,215,82,132,62,47,186,2,62,45,178,40,66,210,220,254,12,14,1,200,234,248,219,154,22,51,51,6,68,126,163,76,65,168,150
254,19,26,1,0,212,114,17,197,22,210,53,192,68,1,63,143,64,0,0,96,66,25,9,1,116,83,254,10,27,1,0,218,114,17,197,22,118,12,50,16,1,100,255,67,254,44,28,2,0,33,177,15,197,22,37,3,150,17,157,203,208,20,51,51,217,65,51,51,217,65,51,51,217,65,201,148,52,66,39,8,222,62,141,98,111,62,80,134,14,61,58,180,226,65,97,195,254,12,29,1,200,234,248,219,154,22,51,51,6,68,126,163,76,65,88,174
254,19,31,1,0,212,51,44,203,22,41,48,192,68,252,145,142,64,0,0,100,66,14,9,1,126,247,254,10,32,1,0,218,51,44,203,22,113,12,51,16,1,100,166,33,254,44,33,2,0,33,94,42,203,22,38,9,150,17,114,206,208,20,184,158,218,65,184,158,218,65,184,158,218,65,21,172,51,66,173,69,219,62,69,17,12,62,228,21,117,60,145,237,177,65,124,53,254,12,34,1,200,234,248,219,154,22,51,51,6,68,126,163,76,65,46,71
254,19,41,1,0,212,112,101,215,22,8,36,192,68,158,51,140,64,0,0,108,66,8,9,1,227,124,254,10,42,1,0,218,112,101,215,22,105,12,66,16,1,100,106,13,254,44,43,2,0,33,97,99,215,22,22,21,150,17,34,212,208,20,0,0,200,66,0,0,200,66,0,0,200,66,54,253,48,66,243,62,230,62,245,101,39,62,76,56,6,187,90,100,202,65,124,195,254,12,44,1,200,234,248,219,154,22,51,51,6,68,126,163,76,65,116,167
254,19,57,1,0,212,151,165,233,22,47,29,192,68,85,180,135,64,0,0,120,66,242,8,1,235,109,254,10,58,1,0,218,151,165,233,22,94,12,69,16,1,100,135,179,254,44,59,2,0,33,65,163,233,22,243,38,150,17,213,220,208,20,0,0,200,66,0,0,200,66,0,0,200,66,237,212,42,66,59,102,219,62,238,235,82,62,60,155,255,187,225,122,227,65,69,198,254,12,60,1,200,234,161,55,228,22,51,83,75,68,227,250,43,66,48,131
254,19,62,1,0,212,33,192,239,22,195,29,192,68,119,40,135,64,0,0,124,66,244,8,1,190,107,254,10,63,1,0,218,33,192,239,22,91,12,72,16,1,100,10,110,254,44,64,2,0,33,173,189,239,22,177,44,150,17,102,224,208,20,0,0,200,66,0,0,200,66,0,0,200,66,23,42,42,66,150,11,199,62,56,16,106,62,167,93,230,187,101,59,251,65,4,94,254,12,65,1,200,234,161,55,228,22,51,83,75,68,227,250,43,66,220,105
254,19,118,1,0,212,112,244,50,23,226,30,192,68,53,185,149,64,0,0,148,66,240,8,1,173,205,254,10,119,1,0,218,112,244,50,23,70,12,76,16,1,100,187,100,254,44,120,2,0,33,227,240,50,23,146,95,150,17,21,39,209,20,0,0,200,66,0,0,200,66,0,0,200,66,42,68,62,66,103,91,202,62,164,211,163,62,110,213,5,61,170,113,33,66,202,162,254,12,121,1,200,234,171,212,8,23,154,89,115,68,210,48,48,66,122,75
254,19,123,1,0,212,7,15,57,23,169,30,192,68,55,109,149,64,0,0,150,66,240,8,1,138,166,254,10,124,1,0,218,7,15,57,23,69,12,74,16,1,100,138,185,254,44,125,2,0,33,102,11,57,23,245,100,150,17,222,43,209,20,0,0,200,66,0,0,200,66,0,0,200,66,169,230,61,66,205,180,199,62,86,19,154,62,24,255,155,60,215,163,32,66,208,68,254,12,126,1,200,234,171,212,8,23,154,89,115,68,210,48,48,66,87,59
254,19,148,1,0,212,108,136,87,23,35,31,192,68,237,225,150,64,0,0,160,66,241,8,1,21,75,254,10,149,1,0,218,108,136,87,23,65,12,69,16,1,100,92,141,254,44,150,2,0,33,49,136,87,23,155,118,150,17,164,76,209,20,0,0,200,66,0,0,200,66,0,0,200,66,251,5,61,66,91,200,179,62,2,207,181,62,69,184,68,188,154,153,54,66,39,134,254,12,151,1,200,234,171,212,8,23,154,89,115,68,210,48,48,66,110,222
254,19,153,1,0,212,246,162,93,23,10,31,192,68,75,193,149,64,0,0,162,66,240,8,1,67,108,254,10,154,1,0,218,247,162,93,23,64,12,73,16,1,100,169,28,254,44,155,2,0,33,167,162,93,23,166,123,150,17,70,81,209,20,0,0,200,66,0,0,200,66,0,0,200,66,103,224,59,66,42,24,206,62,164,240,128,62,250,160,96,188,13,2,17,66,7,152,254,12,156,1,200,234,171,212,8,23,154,89,115,68,210,48,48,66,7,110
254,19,163,1,0,212,48,220,105,23,226,30,192,68,31,22,147,64,0,0,166,66,240,8,1,54,73,254,10,164,1,0,218,48,220,105,23,62,12,70,16,1,100,77,129,254,44,165,2,0,33,178,219,105,23,134,134,150,17,2,89,209,20,51,179,224,65,51,179,224,65,51,179,224,65,53,172,57,66,217,44,202,62,243,160,122,62,22,176,195,59,164,240,16,66,142,51,254,12,166,1,200,234,171,212,8,23,154,89,115,68,210,48,48,66,66,215
254,19,178,1,0,212,173,47,124,23,210,30,192,68,179,199,146,64,0,0,172,66,241,8,1,254,96,254,10,179,1,0,218,173,47,124,23,60,12,71,16,1,100,46,207,254,44,180,2,0,33,210,46,124,23,168,145,150,17,224,105,209,20,0,0,200,66,0,0,200,66,0,0,200,66,25,133,56,66,59,196,34,61,234,26,254,62,115,174,226,59,180,136,151,66,100,91,254,12,181,1,200,234,171,212,8,23,154,89,115,68,210,48,48,66,178,239
254,19,183,1,0,212,94,74,130,23,119,30,192,68,47,85,147,64,0,0,174,66,240,8,1,121,81,254,10,184,1,0,218,94,74,130,23,60,12,66,16,1,100,173,194,254,44,185,2,0,33,111,73,130,23,118,147,150,17,11,113,209,20,0,0,200,66,0,0,200,66,0,0,200,66,2,211,56,66,187,107,124,62,249,158,167,62,45,154,162,188,176,242,68,66,16,43,254,12,186,1,200,234,171,212,8,23,154,89,115,68,210,48,48,66,231,31
254,19,193,1,0,212,223,110,142,23,21,30,192,68,44,183,142,64,0,0,178,66,239,8,1,16,128,254,10,194,1,0,218,223,110,142,23,59,12,68,16,1,100,8,16,254,44,195,2,0,33,190,109,142,23,210,155,150,17,176,120,209,20,0,0,200,66,0,0,200,66,0,0,200,66,168,32,51,66,253,35,173,62,44,139,72,62,200,60,203,188,14,45,1,66,240,51,254,12,196,1,200,234,171,212,8,23,154,89,115,68,210,48,48,66,26,197
254,19,208,1,0,212,136,194,160,23,230,28,192,68,117,37,133,64,0,0,184,66,240,8,1,121,221,254,10,209,1,0,218,136,194,160,23,59,12,64,16,1,100,62,160,254,44,210,2,0,33,23,193,160,23,32,166,150,17,65,133,209,20,72,97,2,66,72,97,2,66,72,97,2,66,232,232,39,66,100,213,233,61,110,0,181,62,191,168,166,188,195,117,113,66,123,32,254,12,211,1,200,234,171,212,8,23,154,89,115,68,210,48,48,66,214,189
254,19,213,1,0,212,73,221,166,23,139,28,192,68,187,145,130,64,0,0,186,66,240,8,1,191,255,254,10,214,1,0,218,73,221,166,23,59,12,65,16,1,100,163,138,254,44,215,2,0,33,196,219,166,23,198,166,150,17,93,139,209,20,133,43,9,66,133,43,9,66,133,43,9,66,24,145,36,66,29,114,239,188,141,15,201,62,230,133,148,188,41,92,152,66,8,188,254,12,216,1,200,234,171,212,8,23,154,89,115,68,210,48,48,66,191,13
254,19,238,1,0,212,73,106,197,23,19,27,192,68,90,98,99,64,0,0,196,66,242,8,1,184,56,254,10,239,1,0,218,73,106,197,23,57,12,65,16,1,100,196,148,254,44,240,2,0,33,66,104,197,23,27,146,150,17,60,167,209,20,0,0,200,66,0,0,200,66,0,0,200,66,171,186,15,66,88,198,10,191,236,147,37,62,143,214,245,188,43,167,17,67,100,111,254,12,241,1,200,234,171,212,8,23,154,89,115,68,210,48,48,66,10,140
254,19,243,1,0,212,215,132,203,23,234,26,192,68,10,89,92,64,0,0,198,66,242,8,1,114,83,254,10,244,1,0,218,215,132,203,23,57,12,61,16,1,100,122,114,254,44,245,2,0,33,178,130,203,23,18,138,150,17,89,169,209,20,0,0,200,66,0,0,200,66,0,0,200,66,144,137,10,66,33,200,26,191,101,127,152,61,74,69,17,189,29,186,30,67,108,224,254,12,246,1,200,234,171,212,8,23,154,89,115,68,210,48,48,66,39,252
254,19,253,1,0,212,198,189,215,23,62,30,192,68,156,3,79,64,0,0,202,66,247,8,1,226,170,254,10,254,1,0,218,199,189,215,23,56,12,62,16,1,100,82,196,254,44,255,2,0,33,111,187,215,23,205,121,150,17,206,166,209,20,0,0,200,66,0,0,200,66,0,0,200,66,62,255,0,66,81,139,10,191,152,23,132,190,199,184,100,189,141,119,72,67,158,164,254,12,0,1,200,234,171,212,8,23,154,89,115,68,210,48,48,66,170,225
254,19,13,1,0,212,56,254,233,23,10,35,192,68,179,124,45,64,0,0,208,66,1,9,1,156,68,254,10,14,1,0,218,56,254,233,23,58,12,61,16,1,100,40,131,254,44,15,2,0,33,155,251,233,23,27,109,150,17,32,148,209,20,0,0,200,66,0,0,200,66,0,0,200,66,202,28,216,65,96,223,130,189,180,138,214,189,90,208,48,190,37,166,82,67,225,144,254,12,16,1,200,234,219,124,228,23,51,83,46,68,0,0,0,0,34,152
254,19,18,1,0,212,182,24,240,23,63,41,192,68,56,206,0,64,0,0,210,66,10,9,1,153,161,254,10,19,1,0,218,182,24,240,23,59,12,59,16,1,100,239,21,254,44,20,2,0,33,241,21,240,23,225,108,150,17,25,148,209,20,0,0,200,66,0,0,200,66,0,0,200,66,124,200,160,65,214,98,142,60,133,224,224,188,210,143,67,190,186,137,80,67,88,43,254,12,21,1,200,234,219,124,228,23,51,83,46,68,0,0,0,0,17,200
254,19,29,1,0,212,155,81,252,23,115,80,192,68,218,112,220,62,0,0,214,66,65,9,1,232,101,254,10,30,1,0,218,155,81,252,23,62,12,54,16,1,100,103,169,254,44,31,2,0,33,174,78,252,23,173,108,150,17,233,147,209,20,0,0,200,66,0,0,200,66,0,0,200,66,247,86,133,64,116,53,123,187,24,102,219,188,148,112,94,190,135,86,53,67,71,68,254,12,32,1,200,234,251,176,246,23,51,179,230,67,165,195,58,65,215,251
254,19,5,1,0,212,107,195,216,26,237,104,192,68,130,76,44,63,0,0,0,64,107,9,1,179,228,254,10,6,1,0,218,107,195,216,26,176,13,120,16,1,102,246,91,254,44,7,2,0,33,200,193,216,26,210,132,150,17,251,30,209,20,205,12,112,66,205,12,112,66,205,12,112,66,250,14,206,64,81,17,27,190,178,152,231,62,128,245,142,61,221,164,225,66,90,143,254,12,8,1,200,234,0,0,0,0,0,0,0,0,0,0,0,0,223,194
254,19,20,1,0,212,44,23,235,26,221,96,192,68,94,21,231,63,0,0,160,64,100,9,1,217,171,254,10,21,1,0,218,44,23,235,26,122,13,144,16,1,101,132,240,254,44,22,2,0,33,57,21,235,26,30,122,150,17,134,50,209,20,0,0,200,66,0,0,200,66,0,0,200,66,69,112,142,65,211,74,163,190,252,152,154,62,181,140,137,61,231,251,2,67,192,8,254,12,23,1,200,234,0,0,0,0,0,0,0,0,0,0,0,0,107,58
254,19,25,1,0,212,132,49,241,26,90,76,192,68,223,155,10,64,0,0,192,64,79,9,1,171,88,254,10,26,1,0,218,132,49,241,26,107,13,144,16,1,101,213,232,254,44,27,2,0,33,125,47,241,26,224,117,150,17,9,56,209,20,82,56,85,66,82,56,85,66,82,56,85,66,234,176,170,65,248,85,153,190,44,23,156,62,15,0,122,61,80,141,1,67,29,46,254,12,28,1,200,234,0,0,0,0,0,0,0,0,0,0,0,0,2,138
254,19,35,1,0,212,106,87,253,26,158,67,192,68,25,26,67,64,0,0,0,65,60,9,1,177,27,254,10,36,1,0,218,106,87,253,26,71,13,144,16,1,101,20,157,254,44,37,2,0,33,49,85,253,26,245,108,150,17,121,67,209,20,72,225,60,66,72,225,60,66,72,225,60,66,23,235,242,65,67,71,143,190,66,13,169,62,235,192,182,61,80,13,239,66,247,56,254,12,38,1,200,234,0,0,0,0,0,0,0,0,0,0,0,0,71,51
254,19,50,1,0,212,73,171,15,27,29,30,192,68,247,103,79,64,0,0,48,65,255,8,1,212,139,254,10,51,1,0,218,73,171,15,27,23,13,155,16,1,101,174,130,254,44,52,2,0,33,192,168,15,27,84,100,150,17,249,78,209,20,82,56,45,66,82,56,45,66,82,56,45,66,245,127,2,66,235,157,1,189,20,175,115,189,54,10,43,190,101,59,155,66,6,102,254,12,53,1,200,234,0,0,0,0,0,0,0,0,0,0,0,0,183,11
254,19,55,1,0,212,211,197,21,27,156,24,192,68,90,157,29,64,0,0,64,65,248,8,1,19,47,254,10,56,1,0,218,211,197,21,27,9,13,162,16,1,101,184,46,254,44,57,2,0,33,54,195,21,27,109,99,150,17,15,78,209,20,0,0,200,66,0,0,200,66,0,0,200,66,105,204,198,65,233,234,39,189,150,194,63,189,217,96,76,190,81,56,146,66,190,192,254,12,58,1,200,234,0,0,0,0,0,0,0,0,0,0,0,0,226,251
254,19,71,1,0,212,73,105,58,27,88,101,192,68,223,242,158,62,0,0,112,65,100,9,1,205,13,254,10,72,1,0,218,73,105,58,27,211,12,191,16,1,101,156,201,254,44,73,2,0,33,52,102,58,27,149,98,150,17,34,78,209,20,0,0,200,66,0,0,200,66,0,0,200,66,138,66,57,64,246,106,36,189,90,90,211,62,5,134,129,61,143,130,193,66,58,67,254,12,74,1,200,234,158,88,28,27,154,153,170,67,78,91,128,65,9,126
254,19,81,1,0,212,73,162,70,27,57,100,192,68,182,204,133,63,0,0,136,65,93,9,1,113,116,254,10,82,1,0,218,73,162,70,27,210,12,182,16,1,101,195,36,254,44,83,2,0,33,248,158,70,27,126,96,150,17,217,92,209,20,0,0,200,66,0,0,200,66,0,0,200,66,223,130,36,65,0,211,43,190,173,220,238,62,20,235,187,61,159,218,214,66,251,61,254,12,84,1,200,234,158,88,28,27,154,153,170,67,78,91,128,65,178,150
254,19,96,1,0,212,254,245,88,27,233,82,192,68,90,77,18,64,0,0,160,65,87,9,1,207,105,254,10,97,1,0,218,254,245,88,27,202,12,161,16,1,101,150,62,254,44,98,2,0,33,93,242,88,27,147,82,150,17,41,111,209,20,10,215,123,66,10,215,123,66,10,215,123,66,27,71,186,65,64,25,199,190,192,108,118,62,102,53,225,61,236,177,19,67,142,206,254,12,99,1,200,234,158,88,28,27,154,153,170,67,78,91,128,65,188,255
254,19,101,1,0,212,147,16,95,27,39,77,192,68,241,243,46,64,0,0,168,65,75,9,1,109,241,254,10,102,1,0,218,148,16,95,27,198,12,152,16,1,101,24,232,254,44,103,2,0,33,222,12,95,27,98,76,150,17,178,114,209,20,0,0,200,66,0,0,200,66,0,0,200,66,185,193,220,65,127,160,233,190,164,24,82,62,117,40,230,61,49,40,22,67,139,87,254,12,104,1,200,234,158,88,28,27,154,153,170,67,78,91,128,65,213,79
254,19,111,1,0,212,29,54,107,27,190,55,192,68,151,202,104,64,0,0,184,65,46,9,1,80,217,254,10,112,1,0,218,29,54,107,27,186,12,140,16,1,101,152,195,254,44,113,2,0,33,55,50,107,27,186,63,150,17,223,120,209,20,20,174,86,66,20,174,86,66,20,174,86,66,206,245,17,66,16,206,219,190,68,140,60,62,127,15,200,61,148,248,17,67,39,165,254,12,114,1,200,234,158,88,28,27,154,153,170,67,78,91,128,65,82,231
254,19,220,1,0,212,229,108,235,27,33,16,192,68,252,227,207,64,0,0,48,66,207,8,1,146,42,254,10,221,1,0,218,229,108,235,27,74,12,126,16,1,100,144,129,254,44,222,2,0,33,202,106,235,27,250,221,149,17,77,159,209,20,0,0,200,66,0,0,200,66,0,0,200,66,111,238,130,66,36,51,190,188,190,209,39,189,154,187,61,190,59,95,10,67,162,1,254,12,223,1,200,234,231,38,193,27,102,230,246,67,242,62,215,66,10,83
254,19,225,1,0,212,113,135,241,27,172,16,192,68,26,115,183,64,0,0,52,66,213,8,1,50,229,254,10,226,1,0,218,113,135,241,27,72,12,126,16,1,100,116,28,254,44,227,2,0,33,59,133,241,27,118,221,149,17,219,158,209,20,0,0,200,66,0,0,200,66,0,0,200,66,1,91,103,66,113,30,5,189,56,60,134,188,94,97,57,190,142,215,250,66,64,168,254,12,228,1,200,234,231,38,193,27,102,230,246,67,242,62,215,66,64,250
254,19,236,1,0,212,164,192,253,27,23,21,192,68,86,249,133,64,0,0,60,66,228,8,1,173,111,254,10,237,1,0,218,164,192,253,27,67,12,121,16,1,100,161,11,254,44,238,2,0,33,57,190,253,27,173,220,149,17,115,159,209,20,0,0,200,66,0,0,200,66,0,0,200,66,192,175,41,66,231,91,73,188,85,241,117,61,97,55,55,190,207,119,193,66,193,210,254,12,239,1,200,234,34,35,248,27,102,230,255,67,128,132,70,66,193,42
254,19,251,1,0,212,185,0,16,28,66,36,192,68,133,211,226,63,0,0,72,66,8,9,1,33,244,254,10,252,1,0,218,185,0,16,28,65,12,113,16,1,100,3,253,254,44,253,2,0,33,10,254,15,28,11,225,149,17,196,167,209,20,0,0,200,66,0,0,200,66,0,0,200,66,16,22,145,65,149,106,131,62,206,144,135,62,37,75,75,190,47,93,93,66,22,153,254,12,254,1,200,234,34,35,248,27,102,230,255,67,128,132,70,66,47,50
254,19,0,1,0,212,52,27,22,28,220,49,192,68,24,210,117,63,0,0,76,66,25,9,1,127,47,254,10,1,1,0,218,52,27,22,28,65,12,111,16,1,100,152,28,254,44,2,2,0,33,101,24,22,28,85,229,149,17,144,172,209,20,0,0,200,66,0,0,200,66,0,0,200,66,35,54,31,65,58,120,149,62,189,92,160,62,86,140,65,190,122,20,63,66,33,183,254,12,3,1,200,234,34,35,248,27,102,230,255,67,128,132,70,66,203,159
254,19,16,1,0,212,242,70,89,28,77,114,192,68,38,88,34,63,0,0,88,66,116,9,1,94,5,254,10,17,1,0,218,242,70,89,28,127,12,76,16,1,100,211,63,254,44,18,2,0,33,211,67,89,28,119,207,149,17,137,146,209,20,0,0,200,66,0,0,200,66,0,0,200,66,194,169,215,64,90,59,251,190,121,145,51,59,104,47,197,61,237,60,47,67,205,40,254,12,19,1,200,234,125,186,28,28,102,70,14,68,248,147,55,63,185,160
254,19,21,1,0,212,170,97,95,28,179,113,192,68,16,141,131,63,0,0,92,66,115,9,1,172,133,254,10,22,1,0,218,170,97,95,28,133,12,66,16,1,100,31,28,254,44,23,2,0,33,119,94,95,28,33,200,149,17,60,144,209,20,0,0,200,66,0,0,200,66,0,0,200,66,184,212,45,65,79,218,7,191,136,28,117,190,221,252,9,62,223,239,68,67,122,255,254,12,24,1,200,234,125,186,28,28,102,70,14,68,248,147,55,63,208,16
254,19,31,1,0,212,201,154,107,28,5,89,192,68,220,143,238,63,0,0,100,66,96,9,1,8,21,254,10,32,1,0,218,201,154,107,28,138,12,54,16,1,100,134,28,254,44,33,2,0,33,90,151,107,28,24,186,149,17,255,134,209,20,0,0,200,66,0,0,200,66,0,0,200,66,150,245,155,65,172,70,1,191,31,39,148,190,190,36,6,62,217,46,55,67,240,11,254,12,34,1,200,234,125,186,28,28,102,70,14,68,248,147,55,63,149,169
254,19,47,1,0,212,149,238,125,28,28,70,192,68,24,65,76,64,0,0,112,66,54,9,1,68,76,254,10,48,1,0,218,149,238,125,28,138,12,42,16,1,100,38,231,254,44,49,2,0,33,224,234,125,28,19,161,149,17,209,121,209,20,0,0,200,66,0,0,200,66,0,0,200,66,42,71,2,66,40,249,40,191,186,9,86,190,222,91,26,62,97,5,20,67,28,107,254,12,50,1,200,234,247,81,120,28,0,160,6,68,191,55,227,65,66,166
254,19,52,1,0,212,75,9,132,28,133,67,192,68,97,18,110,64,0,0,116,66,55,9,1,148,253,254,10,53,1,0,218,75,9,132,28,134,12,42,16,1,100,74,210,254,44,54,2,0,33,120,5,132,28,153,151,149,17,102,116,209,20,0,0,200,66,0,0,200,66,0,0,200,66,141,67,22,66,250,169,55,191,8,156,19,191,189,230,244,61,213,216,49,67,158,33,254,12,55,1,200,234,247,81,120,28,0,160,6,68,191,55,227,65,113,246
254,19,62,1,0,212,152,46,144,28,31,53,192,68,156,245,148,64,0,0,124,66,32,9,1,102,159,254,10,63,1,0,218,152,46,144,28,123,12,45,16,1,100,119,226,254,44,64,2,0,33,123,46,144,28,57,131,149,17,146,94,209,20,0,0,200,66,0,0,200,66,0,0,200,66,2,46,60,66,125,18,63,191,225,132,67,191,211,49,2,62,94,26,51,67,141,27,254,12,65,1,200,234,247,81,120,28,0,160,6,68,191,55,227,65,244,172
254,19,77,1,0,212,112,130,162,28,139,44,192,68,127,44,196,64,0,0,132,66,8,9,1,141,109,254,10,78,1,0,218,112,130,162,28,111,12,46,16,1,100,62,92,254,44,79,2,0,33,3,130,162,28,173,101,149,17,242,59,209,20,0,0,200,66,0,0,200,66,0,0,200,66,105,171,119,66,0,154,239,190,193,198,26,191,155,142,245,61,63,53,217,66,157,14,254,12,80,1,200,234,247,81,120,28,0,160,6,68,191,55,227,65,26,180
254,19,82,1,0,212,44,157,168,28,57,44,192,68,60,161,211,64,0,0,134,66,255,8,1,169,140,254,10,83,1,0,218,44,157,168,28,108,12,50,16,1,100,36,97,254,44,84,2,0,33,172,156,168,28,17,96,149,17,34,50,209,20,0,0,200,66,0,0,200,66,0,0,200,66,119,58,133,66,137,168,172,190,201,18,32,191,13,250,242,61,205,12,189,66,163,107,254,12,85,1,200,234,247,81,120,28,0,160,6,68,191,55,227,65,41,228
254,19,93,1,0,212,51,214,180,28,59,39,192,68,191,187,241,64,0,0,138,66,246,8,1,163,118,254,10,94,1,0,218,51,214,180,28,98,12,52,16,1,100,245,115,254,44,95,2,0,33,129,213,180,28,141,88,149,17,127,29,209,20,0,0,200,66,0,0,200,66,0,0,200,66,82,128,152,66,58,141,91,190,77,242,42,191,180,27,2,62,37,6,166,66,6,250,254,12,96,1,200,234,112,64,175,28,205,236,30,68,117,192,143,66,107,218
254,19,109,1,0,212,239,41,199,28,172,36,192,68,36,200,16,65,0,0,144,66,230,8,1,235,162,254,10,110,1,0,218,239,41,199,28,85,12,54,16,1,100,201,79,254,44,111,2,0,33,236,40,199,28,87,81,149,17,189,250,208,20,0,0,200,66,0,0,200,66,0,0,200,66,184,152,182,66,203,118,7,190,114,242,67,191,27,56,14,62,47,157,161,66,68,86,254,12,112,1,200,234,42,146,193,28,102,230,25,68,10,242,172,66,148,216
254,19,114,1,0,212,163,68,205,28,80,37,192,68,70,61,25,65,0,0,146,66,223,8,1,11,238,254,10,115,1,0,218,163,68,205,28,82,12,54,16,1,100,66,216,254,44,116,2,0,33,140,67,205,28,192,79,149,17,225,237,208,20,0,0,200,66,0,0,200,66,0,0,200,66,122,224,192,66,45,241,202,189,213,74,84,191,48,93,1,62,196,96,162,66,43,166,254,12,117,1,200,234,42,146,193,28,102,230,25,68,10,242,172,66,167,136
254,19,124,1,0,212,50,106,217,28,112,37,192,68,5,86,42,65,0,0,150,66,217,8,1,221,227,254,10,125,1,0,218,50,106,217,28,74,12,60,16,1,100,160,77,254,44,126,2,0,33,233,104,217,28,130,78,149,17,189,209,208,20,0,0,200,66,0,0,200,66,0,0,200,66,249,39,214,66,62,195,87,187,59,224,104,191,207,148,8,62,31,133,163,66,23,117,254,12,127,1,200,234,42,146,193,28,102,230,25,68,10,242,172,66,193,40
254,19,140,1,0,212,188,189,235,28,117,15,192,68,151,135,22,65,0,0,156,66,189,8,1,161,192,254,10,141,1,0,218,188,189,235,28,60,12,66,16,1,100,43,150,254,44,142,2,0,33,25,188,235,28,147,73,149,17,172,148,208,20,0,0,200,66,0,0,200,66,0,0,200,66,132,158,190,66,156,49,16,188,113,79,186,191,184,205,36,190,236,209,10,66,239,237,254,12,143,1,200,234,98,39,230,28,51,211,32,68,61,219,203,66,176,212
254,19,145,1,0,212,152,216,241,28,8,16,192,68,26,170,10,65,0,0,158,66,195,8,1,181,207,254,10,146,1,0,218,152,216,241,28,55,12,69,16,1,100,42,21,254,44,147,2,0,33,225,214,241,28,46,70,149,17,67,125,208,20,0,0,200,66,0,0,200,66,0,0,200,66,8,10,175,66,61,18,99,61,104,160,191,191,193,137,55,190,70,182,186,65,156,33,254,12,148,1,200,234,98,39,230,28,51,211,32,68,61,219,203,66,56,108
254,19,158,1,0,212,100,17,254,28,242,14,192,68,212,143,229,64,0,0,162,66,202,8,1,57,241,254,10,159,1,0,218,100,17,254,28,52,12,70,16,1,100,236,159,254,44,160,2,0,33,123,15,254,28,44,69,149,17,216,75,208,20,0,0,200,66,0,0,200,66,0,0,200,66,191,243,144,66,47,144,5,62,20,238,196,191,85,230,44,190,168,86,179,67,17,112,254,12,161,1,200,234,220,122,248,28,51,115,34,68,101,117,158,66,89,31
254,19,173,1,0,212,93,101,16,29,187,17,192,68,153,139,156,64,0,0,168,66,220,8,1,64,111,254,10,174,1,0,218,93,101,16,29,45,12,69,16,1,100,212,187,254,44,175,2,0,33,46,99,16,29,126,72,149,17,138,255,207,20,0,0,200,66,0,0,200,66,0,0,200,66,93,125,69,66,55,188,145,62,92,224,196,191,91,202,61,190,211,189,170,67,160,1,254,12,176,1,200,234,220,122,248,28,51,115,34,68,101,117,158,66,183,7
254,19,178,1,0,212,255,127,22,29,197,20,192,68,232,205,131,64,0,0,170,66,227,8,1,101,62,254,10,179,1,0,218,255,127,22,29,44,12,71,16,1,100,21,61,254,44,180,2,0,33,178,125,22,29,246,75,149,17,225,230,207,20,0,0,200,66,0,0,200,66,0,0,200,66,39,125,38,66,89,184,194,62,116,46,193,191,79,39,64,190,115,216,168,67,157,171,254,12,181,1,200,234,220,122,248,28,51,115,34,68,101,117,158,66,132,87
254,19,188,1,0,212,226,184,34,29,189,28,192,68,61,9,34,64,0,0,174,66,247,8,1,189,81,254,10,189,1,0,218,226,184,34,29,43,12,67,16,1,100,153,248,254,44,190,2,0,33,99,182,34,29,18,86,149,17,100,183,207,20,0,0,200,66,0,0,200,66,0,0,200,66,208,194,207,65,49,229,31,63,165,254,176,191,55,246,48,190,47,173,151,67,164,159,254,12,191,1,200,234,220,122,248,28,51,115,34,68,101,117,158,66,226,247
254,19,204,1,0,212,43,249,52,29,69,86,192,68,14,201,215,61,0,0,180,66,76,9,1,236,106,254,10,205,1,0,218,43,249,52,29,48,12,62,16,1,100,40,182,254,44,206,2,0,33,92,246,52,29,119,114,149,17,86,114,207,20,0,0,200,66,0,0,200,66,0,0,200,66,19,28,161,63,189,125,73,63,209,85,193,191,234,133,93,190,119,30,130,67,45,27,254,12,207,1,200,234,220,122,248,28,51,115,34,68,101,117,158,66,69,205
254,19,209,1,0,212,188,125,59,30,220,120,192,68,147,24,150,61,0,0,182,66,126,9,1,7,123,254,10,210,1,0,218,188,125,59,30,145,12,33,16,1,100,164,92,254,44,211,2,0,33,7,122,59,30,42,83,149,17,33,174,209,20,0,0,200,66,0,0,200,66,0,0,200,66,138,65,134,63,31,234,205,62,111,53,39,62,126,158,213,61,211,77,194,65,117,47,254,12,212,1,200,234,220,122,248,28,51,115,34,68,101,117,158,66,205,117
254,19,219,1,0,212,69,167,71,30,128,117,192,68,83,116,92,63,0,0,186,66,121,9,1,222,95,254,10,220,1,0,218,69,167,71,30,151,12,27,16,1,100,60,238,254,44,221,2,0,33,84,163,71,30,47,99,149,17,197,178,209,20,0,0,200,66,0,0,200,66,0,0,200,66,9,148,1,65,133,193,44,63,156,67,12,62,77,58,155,61,49,40,176,67,241,151,254,12,222,1,200,234,220,122,248,28,51,115,34,68,101,117,158,66,171,213
254,19,235,1,0,212,233,250,89,30,160,90,192,68,255,51,17,64,0,0,192,66,84,9,1,253,45,254,10,236,1,0,218,233,250,89,30,154,12,17,16,1,100,114,163,254,44,237,2,0,33,154,250,89,30,212,120,149,17,148,170,209,20,0,0,200,66,0,0,200,66,0,0,200,66,247,163,183,65,84,76,73,62,253,225,82,190,240,131,1,62,244,189,92,67,107,249,254,12,238,1,200,234,255,72,84,30,51,51,214,66,0,0,0,0,65,91
254,19,240,1,0,212,117,21,96,30,192,86,192,68,186,205,48,64,0,0,194,66,75,9,1,37,208,254,10,241,1,0,218,117,21,96,30,150,12,17,16,1,100,50,72,254,44,242,2,0,33,18,21,96,30,157,124,149,17,154,166,209,20,0,0,200,66,0,0,200,66,0,0,200,66,139,247,222,65,85,106,170,62,147,24,146,190,78,77,230,61,119,222,99,67,68,39,254,12,243,1,200,234,255,72,84,30,51,51,214,66,0,0,0,0,235,131
254,19,250,1,0,212,182,78,108,30,128,46,192,68,171,166,36,64,0,0,198,66,20,9,1,77,178,254,10,251,1,0,218,182,78,108,30,141,12,16,16,1,100,240,62,254,44,252,2,0,33,23,78,108,30,121,139,149,17,254,160,209,20,0,0,200,66,0,0,200,66,0,0,200,66,112,136,206,65,51,126,90,63,4,10,75,189,46,63,52,190,116,179,53,67,49,211,254,12,253,1,200,234,255,72,84,30,51,51,214,66,0,0,0,0,177,99
254,19,9,1,0,212,208,142,126,30,33,96,192,68,68,76,130,62,0,0,204,66,89,9,1,173,222,254,10,10,1,0,218,208,142,126,30,134,12,28,16,1,100,137,113,254,44,11,2,0,33,235,141,126,30,36,182,149,17,234,154,209,20,0,0,200,66,0,0,200,66,0,0,200,66,1,99,36,64,163,248,140,63,64,241,79,190,124,63,66,190,24,196,14,67,161,236,254,12,12,1,200,234,255,72,84,30,51,51,214,66,0,0,0,0,17,14
254,19,24,1,0,212,198,47,163,30,76,115,192,68,239,52,102,63,0,0,210,66,116,9,1,149,230,254,10,25,1,0,218,198,47,163,30,139,12,36,16,1,100,9,221,254,44,26,2,0,33,217,44,163,30,70,113,149,17,157,159,209,20,0,0,200,66,0,0,200,66,0,0,200,66,212,12,14,65,125,58,235,62,52,53,18,190,30,32,208,61,139,124,159,67,227,165,254,12,27,1,200,234,255,72,84,30,51,51,214,66,0,0,0,0,221,118
254,19,29,1,0,212,159,74,169,30,47,101,192,68,9,11,176,63,0,0,212,66,98,9,1,122,160,254,10,30,1,0,218,159,74,169,30,140,12,33,16,1,100,188,28,254,44,31,2,0,33,158,71,169,30,157,118,149,17,213,155,209,20,0,0,200,66,0,0,200,66,0,0,200,66,119,206,88,65,111,161,144,62,234,8,159,190,245,46,213,61,164,208,139,67,228,146,254,12,32,1,200,234,255,72,84,30,51,51,214,66,0,0,0,0,151,223
254,19,40,1,0,212,167,131,181,30,33,80,192,68,61,96,19,64,0,0,216,66,76,9,1,237,42,254,10,41,1,0,218,167,131,181,30,140,12,24,16,1,100,174,160,254,44,42,2,0,33,106,128,181,30,82,123,149,17,27,147,209,20,0,0,200,66,0,0,200,66,0,0,200,66,176,21,184,65,199,244,222,189,56,152,115,189,181,207,211,61,135,86,67,67,238,90,254,12,43,1,200,234,246,216,175,30,0,0,99,67,81,156,150,65,5,104
254,19,56,1,0,212,74,215,199,30,46,46,192,68,30,187,9,64,0,0,222,66,21,9,1,89,199,254,10,57,1,0,218,74,215,199,30,138,12,21,16,1,100,136,106,254,44,58,2,0,33,199,211,199,30,211,127,149,17,127,145,209,20,0,0,200,66,0,0,200,66,0,0,200,66,137,10,173,65,210,163,255,62,239,205,211,189,209,178,58,190,179,93,33,67,97,93,254,12,59,1,200,234,105,44,194,30,205,204,91,67,95,232,223,65,42,242
254,19,61,1,0,212,7,242,205,30,84,51,192,68,235,244,174,63,0,0,224,66,31,9,1,185,114,254,10,62,1,0,218,7,242,205,30,133,12,26,16,1,100,18,71,254,44,63,2,0,33,112,238,205,30,228,135,149,17,199,143,209,20,0,0,200,66,0,0,200,66,0,0,200,66,49,69,93,65,91,242,23,63,175,95,225,189,140,94,74,190,174,199,20,67,162,68,254,12,64,1,200,234,105,44,194,30,205,204,91,67,95,232,223,65,228,120
